short_entry_date,short_entry_price,short_target_price,short_exit_date,short_exit_price,short_lowest_price,short_lowest_price_date,short_success
2019-02-22,280.82,275.2,2019-03-01,282.31,279.2,2019-02-27,0.0
2019-02-25,281.26,275.63,2019-03-04,281.16,278.55,2019-03-04,0.0
2019-02-26,281.05,275.43,2019-03-05,280.8,278.55,2019-03-04,0.0
2019-02-27,280.91,275.29,2019-03-06,279.01,278.55,2019-03-04,0.0
2019-02-28,280.32,274.71,2019-03-07,276.76,275.74,2019-03-07,0.0
2019-03-01,282.31,276.66,2019-03-07,275.74,274.1,2019-03-08,1.0
2019-03-04,281.16,275.54,2019-03-08,274.1,274.1,2019-03-08,1.0
2019-03-05,280.8,275.18,2019-03-08,274.1,274.1,2019-03-08,1.0
2019-03-06,279.01,273.43,2019-03-13,283.15,274.1,2019-03-08,0.0
2019-03-07,276.76,271.22,2019-03-14,283.01,274.1,2019-03-08,0.0
2019-03-08,276.2,270.68,2019-03-15,284.28,276.94,2019-03-11,0.0
2019-03-11,280.21,274.61,2019-03-18,285.41,280.62,2019-03-12,0.0
2019-03-12,281.2,275.58,2019-03-19,285.54,282.04,2019-03-13,0.0
2019-03-13,283.15,277.49,2019-03-20,283.39,282.19,2019-03-20,0.0
2019-03-14,283.01,277.35,2019-03-21,286.57,282.19,2019-03-20,0.0
2019-03-15,284.28,278.59,2019-03-22,281.16,281.07,2019-03-22,0.0
2019-03-18,285.41,279.7,2019-03-25,279.53,279.53,2019-03-25,1.0
2019-03-19,285.54,279.83,2019-03-25,279.53,279.53,2019-03-25,1.0
2019-03-20,283.39,277.72,2019-03-27,281.58,279.53,2019-03-25,0.0
2019-03-21,286.57,280.84,2019-03-25,279.53,279.53,2019-03-25,1.0
2019-03-22,281.16,275.54,2019-03-29,284.56,279.53,2019-03-25,0.0
2019-03-25,280.91,275.29,2019-04-01,287.85,279.83,2019-03-27,0.0
2019-03-26,282.96,277.3,2019-04-02,287.92,279.83,2019-03-27,0.0
2019-03-27,281.58,275.95,2019-04-03,288.44,280.96,2019-03-28,0.0
2019-03-28,282.69,277.04,2019-04-04,289.13,283.03,2019-03-29,0.0
2019-03-29,284.56,278.87,2019-04-05,290.45,286.35,2019-04-01,0.0
2019-04-01,287.85,282.09,2019-04-08,290.77,287.04,2019-04-02,0.0
2019-04-02,287.92,282.16,2019-04-09,289.27,287.68,2019-04-03,0.0
2019-04-03,288.44,282.67,2019-04-10,290.22,287.95,2019-04-04,0.0
2019-04-04,289.13,283.35,2019-04-11,290.2,288.66,2019-04-09,0.0
2019-04-05,290.45,284.64,2019-04-12,292.16,288.66,2019-04-09,0.0
2019-04-08,290.77,284.95,2019-04-15,291.92,288.66,2019-04-09,0.0
2019-04-09,289.27,283.48,2019-04-16,292.14,289.27,2019-04-10,0.0
2019-04-10,290.22,284.42,2019-04-17,291.37,289.53,2019-04-11,0.0
2019-04-11,290.2,284.4,2019-04-18,292.0,290.62,2019-04-18,0.0
2019-04-12,292.16,286.32,2019-04-22,292.3,290.62,2019-04-18,0.0
2019-04-15,291.92,286.08,2019-04-23,294.84,290.62,2019-04-18,0.0
2019-04-16,292.14,286.3,2019-04-24,294.22,290.62,2019-04-18,0.0
2019-04-17,291.37,285.54,2019-04-25,294.04,290.62,2019-04-18,0.0
2019-04-18,292.0,286.16,2019-04-26,295.47,291.04,2019-04-22,0.0
2019-04-22,292.3,286.45,2019-04-29,295.79,292.4,2019-04-23,0.0
2019-04-23,294.84,288.94,2019-04-30,295.94,292.68,2019-04-25,0.0
2019-04-24,294.22,288.34,2019-05-01,293.8,292.68,2019-04-25,0.0
2019-04-25,294.04,288.16,2019-05-02,293.26,291.49,2019-05-02,0.0
2019-04-26,295.47,289.56,2019-05-03,296.01,291.49,2019-05-02,0.0
2019-04-29,295.79,289.87,2019-05-06,294.9,290.88,2019-05-06,0.0
2019-04-30,295.94,290.02,2019-05-07,287.75,287.75,2019-05-07,1.0
2019-05-01,293.8,287.92,2019-05-07,287.75,287.75,2019-05-07,1.0
2019-05-02,293.26,287.39,2019-05-09,285.23,285.23,2019-05-09,1.0
2019-05-03,296.01,290.09,2019-05-07,287.75,284.21,2019-05-10,1.0
2019-05-06,294.9,289.0,2019-05-07,287.75,281.84,2019-05-13,1.0
2019-05-07,289.91,284.11,2019-05-13,281.84,281.84,2019-05-13,1.0
2019-05-08,289.52,283.73,2019-05-13,281.84,281.84,2019-05-13,1.0
2019-05-09,288.72,282.95,2019-05-13,281.84,281.84,2019-05-13,1.0
2019-05-10,290.0,284.2,2019-05-13,281.84,281.84,2019-05-13,1.0
2019-05-13,282.8,277.14,2019-05-20,285.98,283.25,2019-05-15,0.0
2019-05-14,285.32,279.61,2019-05-21,288.48,283.25,2019-05-15,0.0
2019-05-15,287.03,281.29,2019-05-22,287.65,285.05,2019-05-20,0.0
2019-05-16,289.56,283.77,2019-05-23,282.47,282.47,2019-05-23,1.0
2019-05-17,287.9,282.14,2019-05-24,284.76,282.47,2019-05-23,0.0
2019-05-20,285.98,280.26,2019-05-28,282.08,282.08,2019-05-28,0.0
2019-05-21,288.48,282.71,2019-05-23,282.47,278.56,2019-05-29,1.0
2019-05-22,287.65,281.9,2019-05-29,278.56,278.56,2019-05-29,1.0
2019-05-23,284.06,278.38,2019-05-31,277.11,277.11,2019-05-31,1.0
2019-05-24,284.76,279.06,2019-05-29,278.56,274.9,2019-06-03,1.0
2019-05-28,282.08,276.44,2019-06-03,274.9,274.9,2019-06-03,1.0
2019-05-29,280.24,274.64,2019-06-05,284.86,274.9,2019-06-03,0.0
2019-05-30,280.87,275.25,2019-06-03,274.9,274.9,2019-06-03,1.0
2019-05-31,277.3,271.75,2019-06-07,289.67,274.9,2019-06-03,0.0
2019-06-03,276.38,270.85,2019-06-10,291.0,278.47,2019-06-04,0.0
2019-06-04,282.44,276.79,2019-06-11,290.95,282.21,2019-06-05,0.0
2019-06-05,284.86,279.16,2019-06-12,290.29,284.49,2019-06-06,0.0
2019-06-06,286.76,281.02,2019-06-13,291.62,287.7,2019-06-07,0.0
2019-06-07,289.67,283.88,2019-06-14,291.25,289.83,2019-06-12,0.0
2019-06-10,291.0,285.18,2019-06-17,289.74,289.41,2019-06-17,0.0
2019-06-11,290.95,285.13,2019-06-18,292.45,289.41,2019-06-17,0.0
2019-06-12,290.29,284.48,2019-06-19,293.24,289.41,2019-06-17,0.0
2019-06-13,291.62,285.79,2019-06-20,296.02,289.41,2019-06-17,0.0
2019-06-14,291.25,285.42,2019-06-21,295.57,289.41,2019-06-17,0.0
2019-06-17,289.74,283.95,2019-06-24,295.27,291.25,2019-06-18,0.0
2019-06-18,292.45,286.6,2019-06-25,292.41,291.78,2019-06-19,0.0
2019-06-19,293.24,287.38,2019-06-26,292.08,292.02,2019-06-26,0.0
2019-06-20,296.02,290.1,2019-06-27,293.28,292.02,2019-06-26,0.0
2019-06-21,295.57,289.66,2019-06-28,294.75,292.02,2019-06-26,0.0
2019-06-24,295.27,289.36,2019-07-01,297.32,292.02,2019-06-26,0.0
2019-06-25,292.41,286.56,2019-07-02,298.23,292.02,2019-06-26,0.0
2019-06-26,292.08,286.24,2019-07-03,300.48,292.61,2019-06-27,0.0
2019-06-27,293.28,287.41,2019-07-05,300.1,293.71,2019-06-28,0.0
2019-06-28,294.75,288.86,2019-07-08,298.55,296.02,2019-07-01,0.0
2019-07-01,297.32,291.37,2019-07-09,299.03,296.37,2019-07-02,0.0
2019-07-02,298.23,292.27,2019-07-10,300.4,297.19,2019-07-09,0.0
2019-07-03,300.48,294.47,2019-07-11,300.93,297.19,2019-07-09,0.0
2019-07-05,300.1,294.1,2019-07-12,302.49,297.19,2019-07-09,0.0
2019-07-08,298.55,292.58,2019-07-15,302.46,297.19,2019-07-09,0.0
2019-07-09,299.03,293.05,2019-07-16,301.44,299.5,2019-07-10,0.0
2019-07-10,300.4,294.39,2019-07-17,299.48,299.48,2019-07-17,0.0
2019-07-11,300.93,294.91,2019-07-18,300.65,298.42,2019-07-18,0.0
2019-07-12,302.49,296.44,2019-07-19,298.9,298.42,2019-07-18,0.0
2019-07-15,302.46,296.41,2019-07-22,299.58,298.42,2019-07-18,0.0
2019-07-16,301.44,295.41,2019-07-23,301.72,298.42,2019-07-18,0.0
2019-07-17,299.48,293.49,2019-07-24,303.17,298.42,2019-07-18,0.0
2019-07-18,300.65,294.64,2019-07-25,301.71,298.69,2019-07-19,0.0
2019-07-19,298.9,292.92,2019-07-26,303.77,298.77,2019-07-22,0.0
2019-07-22,299.58,293.59,2019-07-29,303.22,299.96,2019-07-23,0.0
2019-07-23,301.72,295.69,2019-07-30,302.48,300.83,2019-07-24,0.0
2019-07-24,303.17,297.11,2019-07-31,296.89,296.89,2019-07-31,1.0
2019-07-25,301.71,295.68,2019-08-01,295.66,295.66,2019-08-01,1.0
2019-07-26,303.77,297.69,2019-07-31,296.89,292.59,2019-08-02,1.0
2019-07-29,303.22,297.16,2019-07-31,296.89,283.34,2019-08-05,1.0
2019-07-30,302.48,296.43,2019-08-01,295.66,283.34,2019-08-05,1.0
2019-07-31,299.23,293.25,2019-08-02,292.59,283.34,2019-08-05,1.0
2019-08-01,296.52,290.59,2019-08-05,283.34,283.34,2019-08-05,1.0
2019-08-02,294.42,288.53,2019-08-05,283.34,283.34,2019-08-05,1.0
2019-08-05,285.57,279.86,2019-08-12,289.81,283.66,2019-08-07,0.0
2019-08-06,289.38,283.59,2019-08-13,294.28,283.66,2019-08-07,0.0
2019-08-07,289.66,283.87,2019-08-14,285.6,285.4,2019-08-14,0.0
2019-08-08,295.28,289.37,2019-08-12,288.69,284.02,2019-08-15,1.0
2019-08-09,293.36,287.49,2019-08-14,285.4,284.02,2019-08-15,1.0
2019-08-12,289.81,284.01,2019-08-19,294.07,284.02,2019-08-15,0.0
2019-08-13,294.28,288.39,2019-08-14,285.4,284.02,2019-08-15,1.0
2019-08-14,285.6,279.89,2019-08-21,294.18,284.02,2019-08-15,0.0
2019-08-15,286.34,280.61,2019-08-22,294.07,288.08,2019-08-16,0.0
2019-08-16,290.58,284.77,2019-08-23,286.47,285.1,2019-08-23,0.0
2019-08-19,294.07,288.19,2019-08-23,285.1,285.1,2019-08-23,1.0
2019-08-20,291.79,285.95,2019-08-23,285.1,285.1,2019-08-23,1.0
2019-08-21,294.18,288.3,2019-08-23,285.1,285.1,2019-08-23,1.0
2019-08-22,294.07,288.19,2019-08-23,285.1,285.1,2019-08-23,1.0
2019-08-23,286.47,280.74,2019-08-30,294.27,286.89,2019-08-28,0.0
2019-08-26,289.66,283.87,2019-09-03,292.41,286.89,2019-08-28,0.0
2019-08-27,288.55,282.78,2019-09-04,295.76,286.89,2019-08-28,0.0
2019-08-28,290.5,284.69,2019-09-05,299.63,290.95,2019-09-03,0.0
2019-08-29,294.28,288.39,2019-09-06,299.83,290.95,2019-09-03,0.0
2019-08-30,294.27,288.38,2019-09-09,299.97,290.95,2019-09-03,0.0
2019-09-03,292.41,286.56,2019-09-10,299.95,294.05,2019-09-04,0.0
2019-09-04,295.76,289.84,2019-09-11,302.12,297.71,2019-09-10,0.0
2019-09-05,299.63,293.64,2019-09-12,303.08,297.71,2019-09-10,0.0
2019-09-06,299.83,293.83,2019-09-13,302.87,297.71,2019-09-10,0.0
2019-09-09,299.97,293.97,2019-09-16,301.98,297.71,2019-09-10,0.0
2019-09-10,299.95,293.95,2019-09-17,302.71,299.54,2019-09-11,0.0
2019-09-11,302.12,296.08,2019-09-18,302.93,300.01,2019-09-18,0.0
2019-09-12,303.08,297.02,2019-09-19,302.89,300.01,2019-09-18,0.0
2019-09-13,302.87,296.81,2019-09-20,301.22,300.01,2019-09-18,0.0
2019-09-16,301.98,295.94,2019-09-23,301.38,300.01,2019-09-18,0.0
2019-09-17,302.71,296.66,2019-09-24,296.47,296.47,2019-09-24,1.0
2019-09-18,302.93,296.87,2019-09-24,296.47,295.97,2019-09-25,1.0
2019-09-19,302.89,296.83,2019-09-24,296.47,295.97,2019-09-25,1.0
2019-09-20,301.22,295.2,2019-09-27,297.0,295.34,2019-09-27,0.0
2019-09-23,301.38,295.35,2019-09-27,295.34,295.34,2019-09-27,1.0
2019-09-24,297.51,291.56,2019-10-01,294.91,294.63,2019-10-01,0.0
2019-09-25,299.19,293.21,2019-10-02,288.24,288.24,2019-10-02,1.0
2019-09-26,298.59,292.62,2019-10-02,288.24,286.42,2019-10-03,1.0
2019-09-27,297.0,291.06,2019-10-02,288.24,286.42,2019-10-03,1.0
2019-09-30,298.52,292.55,2019-10-02,288.24,286.42,2019-10-03,1.0
2019-10-01,294.91,289.01,2019-10-02,288.24,286.42,2019-10-03,1.0
2019-10-02,289.63,283.84,2019-10-09,292.88,286.42,2019-10-03,0.0
2019-10-03,292.04,286.2,2019-10-10,294.95,290.11,2019-10-08,0.0
2019-10-04,296.02,290.1,2019-10-11,297.89,290.11,2019-10-08,0.0
2019-10-07,294.69,288.8,2019-10-14,297.69,290.11,2019-10-08,0.0
2019-10-08,290.13,284.33,2019-10-15,300.62,291.71,2019-10-09,0.0
2019-10-09,292.88,287.02,2019-10-16,300.07,292.62,2019-10-10,0.0
2019-10-10,294.95,289.05,2019-10-17,300.91,297.24,2019-10-14,0.0
2019-10-11,297.89,291.93,2019-10-18,299.6,297.24,2019-10-14,0.0
2019-10-15,300.62,294.61,2019-10-22,300.7,298.65,2019-10-18,0.0
2019-10-16,300.07,294.07,2019-10-23,301.57,298.65,2019-10-18,0.0
2019-10-17,300.91,294.89,2019-10-24,302.11,298.65,2019-10-18,0.0
2019-10-18,299.6,293.61,2019-10-25,303.31,300.19,2019-10-23,0.0
2019-10-21,301.75,295.71,2019-10-28,305.01,300.19,2019-10-23,0.0
2019-10-22,300.7,294.69,2019-10-29,304.91,300.19,2019-10-23,0.0
2019-10-23,301.57,295.54,2019-10-30,305.87,301.15,2019-10-24,0.0
2019-10-24,302.11,296.07,2019-10-31,304.97,301.42,2019-10-25,0.0
2019-10-25,303.31,297.24,2019-11-01,307.95,303.45,2019-10-31,0.0
2019-10-28,305.01,298.91,2019-11-04,309.11,303.45,2019-10-31,0.0
2019-10-29,304.91,298.81,2019-11-05,308.74,303.45,2019-10-31,0.0
2019-10-30,305.87,299.75,2019-11-06,308.88,303.45,2019-10-31,0.0
2019-10-31,304.97,298.87,2019-11-07,309.98,306.47,2019-11-01,0.0
2019-11-01,307.95,301.79,2019-11-08,310.67,307.77,2019-11-06,0.0
2019-11-04,309.11,302.93,2019-11-11,310.16,307.77,2019-11-06,0.0
2019-11-05,308.74,302.57,2019-11-12,310.69,307.77,2019-11-06,0.0
2019-11-06,308.88,302.7,2019-11-13,310.86,308.78,2019-11-08,0.0
2019-11-07,309.98,303.78,2019-11-14,311.3,308.78,2019-11-08,0.0
2019-11-08,310.67,304.46,2019-11-15,313.61,309.0,2019-11-11,0.0
2019-11-12,310.69,304.48,2019-11-19,313.68,309.4,2019-11-13,0.0
2019-11-13,310.86,304.64,2019-11-20,312.52,309.84,2019-11-14,0.0
2019-11-14,311.3,305.07,2019-11-21,312.07,310.81,2019-11-20,0.0
2019-11-15,313.61,307.34,2019-11-22,312.74,310.81,2019-11-20,0.0
2019-11-18,313.75,307.48,2019-11-25,315.1,310.81,2019-11-20,0.0
2019-11-19,313.68,307.41,2019-11-26,315.73,310.81,2019-11-20,0.0
2019-11-20,312.52,306.27,2019-11-27,317.25,311.18,2019-11-21,0.0
2019-11-21,312.07,305.83,2019-11-29,316.06,311.62,2019-11-22,0.0
2019-11-22,312.74,306.49,2019-12-02,313.41,312.95,2019-12-02,0.0
2019-11-25,315.1,308.8,2019-12-03,311.25,308.88,2019-12-03,0.0
2019-11-26,315.73,309.42,2019-12-03,308.88,308.88,2019-12-03,1.0
2019-11-27,317.25,310.9,2019-12-03,308.88,308.88,2019-12-03,1.0
2019-11-29,316.06,309.74,2019-12-03,308.88,308.88,2019-12-03,1.0
2019-12-02,313.41,307.14,2019-12-09,315.7,308.88,2019-12-03,0.0
2019-12-03,311.25,305.02,2019-12-10,315.37,312.11,2019-12-04,0.0
2019-12-04,313.18,306.92,2019-12-11,316.17,312.35,2019-12-05,0.0
2019-12-05,313.84,307.56,2019-12-12,318.97,314.61,2019-12-10,0.0
2019-12-06,316.64,310.31,2019-12-13,319.08,314.61,2019-12-10,0.0
2019-12-09,315.7,309.39,2019-12-16,319.32,314.61,2019-12-10,0.0
2019-12-10,315.37,309.06,2019-12-17,319.35,315.41,2019-12-11,0.0
2019-12-11,316.17,309.85,2019-12-18,319.37,315.97,2019-12-12,0.0
2019-12-12,318.97,312.59,2019-12-19,320.74,317.84,2019-12-13,0.0
2019-12-13,319.08,312.7,2019-12-20,322.38,318.99,2019-12-16,0.0
2019-12-16,319.32,312.93,2019-12-23,322.61,319.29,2019-12-17,0.0
2019-12-17,319.35,312.96,2019-12-24,322.65,319.34,2019-12-19,0.0
2019-12-18,319.37,312.98,2019-12-26,324.32,319.34,2019-12-19,0.0
2019-12-19,320.74,314.33,2019-12-27,324.26,321.81,2019-12-20,0.0
2019-12-20,322.38,315.93,2019-12-30,322.51,321.96,2019-12-30,0.0
2019-12-23,322.61,316.16,2019-12-31,323.24,321.57,2019-12-31,0.0
2019-12-24,322.65,316.2,2020-01-02,326.32,321.57,2019-12-31,0.0
2019-12-26,324.32,317.83,2020-01-03,323.81,321.57,2019-12-31,0.0
2019-12-27,324.26,317.77,2020-01-06,325.09,321.57,2019-12-31,0.0
2019-12-30,322.51,316.06,2020-01-07,324.2,321.57,2019-12-31,0.0
2019-12-31,323.24,316.78,2020-01-08,325.85,321.78,2020-01-06,0.0
2020-01-02,326.32,319.79,2020-01-09,328.05,321.78,2020-01-06,0.0
2020-01-03,323.81,317.33,2020-01-10,327.14,321.78,2020-01-06,0.0
2020-01-06,325.09,318.59,2020-01-13,329.43,323.65,2020-01-07,0.0
2020-01-07,324.2,317.72,2020-01-14,328.92,324.11,2020-01-08,0.0
2020-01-08,325.85,319.33,2020-01-15,329.66,326.62,2020-01-10,0.0
2020-01-09,328.05,321.49,2020-01-16,332.4,326.62,2020-01-10,0.0
2020-01-10,327.14,320.6,2020-01-17,333.5,327.36,2020-01-13,0.0
2020-01-13,329.43,322.84,2020-01-21,332.78,328.11,2020-01-14,0.0
2020-01-14,328.92,322.34,2020-01-22,332.85,328.71,2020-01-15,0.0
2020-01-15,329.66,323.07,2020-01-23,333.26,330.88,2020-01-23,0.0
2020-01-16,332.4,325.75,2020-01-24,330.23,328.84,2020-01-24,0.0
2020-01-17,333.5,326.83,2020-01-27,324.09,324.09,2020-01-27,1.0
2020-01-21,332.78,326.12,2020-01-27,324.09,324.09,2020-01-27,1.0
2020-01-22,332.85,326.19,2020-01-27,324.09,324.09,2020-01-27,1.0
2020-01-23,333.26,326.59,2020-01-27,324.09,324.09,2020-01-27,1.0
2020-01-24,330.23,323.63,2020-01-31,322.18,322.18,2020-01-31,1.0
2020-01-27,324.87,318.37,2020-02-03,325.56,322.18,2020-01-31,0.0
2020-01-28,328.33,321.76,2020-02-04,330.61,322.18,2020-01-31,0.0
2020-01-29,328.1,321.54,2020-02-05,334.29,322.18,2020-01-31,0.0
2020-01-30,329.09,322.51,2020-01-31,322.18,322.18,2020-01-31,1.0
2020-01-31,323.24,316.78,2020-02-07,333.75,324.73,2020-02-03,0.0
2020-02-03,325.56,319.05,2020-02-10,336.22,329.22,2020-02-04,0.0
2020-02-04,330.61,324.0,2020-02-11,336.84,332.2,2020-02-05,0.0
2020-02-05,334.29,327.6,2020-02-12,339.0,332.71,2020-02-10,0.0
2020-02-06,335.57,328.86,2020-02-13,338.58,332.71,2020-02-10,0.0
2020-02-07,333.75,327.08,2020-02-14,339.07,332.71,2020-02-10,0.0
2020-02-10,336.22,329.5,2020-02-18,338.26,336.26,2020-02-11,0.0
2020-02-11,336.84,330.1,2020-02-19,339.88,336.75,2020-02-18,0.0
2020-02-12,339.0,332.22,2020-02-20,338.49,335.23,2020-02-20,0.0
2020-02-13,338.58,331.81,2020-02-21,335.01,334.1,2020-02-21,0.0
2020-02-14,339.07,332.29,2020-02-24,322.7,322.7,2020-02-24,1.0
2020-02-18,338.26,331.49,2020-02-24,322.7,313.08,2020-02-25,1.0
2020-02-19,339.88,333.08,2020-02-24,322.7,312.07,2020-02-26,1.0
2020-02-20,338.49,331.72,2020-02-24,322.7,298.71,2020-02-27,1.0
2020-02-21,335.01,328.31,2020-02-24,322.7,286.7,2020-02-28,1.0
2020-02-24,323.83,317.35,2020-02-25,313.08,286.7,2020-02-28,1.0
2020-02-25,314.12,307.84,2020-02-27,298.71,286.7,2020-02-28,1.0
2020-02-26,312.91,306.65,2020-02-27,298.71,286.7,2020-02-28,1.0
2020-02-27,298.71,292.74,2020-02-28,286.7,286.7,2020-02-28,1.0
2020-02-28,295.91,289.99,2020-03-06,298.7,291.42,2020-03-06,0.0
2020-03-02,310.4,304.19,2020-03-03,298.88,274.58,2020-03-09,1.0
2020-03-03,301.5,295.47,2020-03-06,291.42,274.58,2020-03-09,1.0
2020-03-04,314.75,308.46,2020-03-05,301.31,271.99,2020-03-11,1.0
2020-03-05,303.76,297.68,2020-03-06,291.42,248.56,2020-03-12,1.0
2020-03-06,298.7,292.73,2020-03-09,274.58,248.56,2020-03-12,1.0
2020-03-09,274.8,269.3,2020-03-12,248.56,235.0,2020-03-16,1.0
2020-03-10,289.55,283.76,2020-03-11,271.99,235.0,2020-03-16,1.0
2020-03-11,275.47,269.96,2020-03-12,248.56,228.78,2020-03-18,1.0
2020-03-12,248.96,243.98,2020-03-16,235.0,228.78,2020-03-18,1.0
2020-03-13,271.55,266.12,2020-03-16,235.0,228.78,2020-03-18,1.0
2020-03-16,240.12,235.32,2020-03-18,228.78,220.28,2020-03-23,1.0
2020-03-17,255.39,250.28,2020-03-18,228.78,220.28,2020-03-23,1.0
2020-03-18,241.17,236.35,2020-03-19,232.94,220.28,2020-03-23,1.0
2020-03-19,242.06,237.22,2020-03-20,230.7,220.28,2020-03-23,1.0
2020-03-20,231.16,226.54,2020-03-23,220.28,220.28,2020-03-23,1.0
2020-03-23,224.65,220.16,2020-03-30,262.36,235.97,2020-03-24,0.0
2020-03-24,245.88,240.96,2020-03-25,240.49,240.49,2020-03-25,1.0
2020-03-25,247.47,242.52,2020-04-01,246.8,244.62,2020-04-01,0.0
2020-03-26,262.37,257.12,2020-03-27,251.78,244.62,2020-04-01,1.0
2020-03-27,254.24,249.16,2020-04-01,244.62,244.62,2020-04-01,1.0
2020-03-30,262.36,257.11,2020-03-31,257.0,244.62,2020-04-01,1.0
2020-03-31,258.4,253.23,2020-04-01,244.62,244.62,2020-04-01,1.0
2020-04-01,246.8,241.86,2020-04-08,275.0,245.44,2020-04-02,0.0
2020-04-02,252.59,247.54,2020-04-03,246.0,246.0,2020-04-03,1.0
2020-04-03,249.02,244.04,2020-04-13,276.44,257.54,2020-04-06,0.0
2020-04-06,265.8,260.48,2020-04-14,284.83,265.7,2020-04-07,0.0
2020-04-07,265.91,260.59,2020-04-15,278.57,266.4,2020-04-08,0.0
2020-04-08,275.0,269.5,2020-04-16,280.05,272.29,2020-04-13,0.0
2020-04-09,279.12,273.54,2020-04-13,272.29,272.29,2020-04-13,1.0
2020-04-13,276.44,270.91,2020-04-20,282.46,276.31,2020-04-15,0.0
2020-04-14,284.83,279.13,2020-04-15,276.31,272.92,2020-04-21,1.0
2020-04-15,278.57,273.0,2020-04-21,272.92,272.92,2020-04-21,1.0
2020-04-16,280.05,274.45,2020-04-21,272.92,272.92,2020-04-21,1.0
2020-04-17,287.58,281.83,2020-04-21,272.92,272.92,2020-04-21,1.0
2020-04-20,282.46,276.81,2020-04-21,272.92,272.92,2020-04-21,1.0
2020-04-21,273.86,268.38,2020-04-28,286.64,277.8,2020-04-22,0.0
2020-04-22,280.06,274.46,2020-04-29,294.13,279.39,2020-04-24,0.0
2020-04-23,279.98,274.38,2020-04-30,291.16,279.39,2020-04-24,0.0
2020-04-24,283.9,278.22,2020-05-01,283.53,282.44,2020-05-01,0.0
2020-04-27,288.19,282.43,2020-05-04,280.1,280.1,2020-05-04,1.0
2020-04-28,286.64,280.91,2020-05-04,280.1,280.1,2020-05-04,1.0
2020-04-29,294.13,288.25,2020-05-01,282.44,280.1,2020-05-04,1.0
2020-04-30,291.16,285.34,2020-05-01,282.44,280.1,2020-05-04,1.0
2020-05-01,283.53,277.86,2020-05-08,293.46,280.1,2020-05-04,0.0
2020-05-04,284.63,278.94,2020-05-11,293.45,285.06,2020-05-06,0.0
2020-05-05,287.14,281.4,2020-05-12,287.47,285.06,2020-05-06,0.0
2020-05-06,285.25,279.54,2020-05-13,282.54,279.87,2020-05-13,0.0
2020-05-07,288.63,282.86,2020-05-13,279.87,275.0,2020-05-14,1.0
2020-05-08,293.46,287.59,2020-05-12,287.46,275.0,2020-05-14,1.0
2020-05-11,293.45,287.58,2020-05-12,287.46,275.0,2020-05-14,1.0
2020-05-12,287.47,281.72,2020-05-13,279.87,275.0,2020-05-14,1.0
2020-05-13,282.54,276.89,2020-05-14,275.0,275.0,2020-05-14,1.0
2020-05-14,285.92,280.2,2020-05-21,295.81,282.25,2020-05-15,0.0
2020-05-15,287.16,281.42,2020-05-22,296.41,292.92,2020-05-19,0.0
2020-05-18,296.04,290.12,2020-05-26,300.17,292.92,2020-05-19,0.0
2020-05-19,292.99,287.13,2020-05-27,304.55,294.21,2020-05-22,0.0
2020-05-20,297.99,292.03,2020-05-28,303.95,294.21,2020-05-22,0.0
2020-05-21,295.81,289.89,2020-05-29,305.18,294.21,2020-05-22,0.0
2020-05-22,296.41,290.48,2020-06-01,306.68,297.91,2020-05-27,0.0
2020-05-26,300.17,294.17,2020-06-02,309.23,297.91,2020-05-27,0.0
2020-05-27,304.55,298.46,2020-06-03,313.39,300.58,2020-05-29,0.0
2020-05-28,303.95,297.87,2020-06-04,312.34,300.58,2020-05-29,0.0
2020-05-29,305.18,299.08,2020-06-05,320.48,304.1,2020-06-01,0.0
2020-06-01,306.68,300.55,2020-06-08,324.4,306.17,2020-06-02,0.0
2020-06-02,309.23,303.05,2020-06-09,322.01,310.17,2020-06-04,0.0
2020-06-03,313.39,307.12,2020-06-10,320.11,310.17,2020-06-04,0.0
2020-06-04,312.34,306.09,2020-06-11,301.08,301.08,2020-06-11,1.0
2020-06-05,320.48,314.07,2020-06-11,301.08,299.62,2020-06-12,1.0
2020-06-08,324.4,317.91,2020-06-11,301.08,296.49,2020-06-15,1.0
2020-06-09,322.01,315.57,2020-06-11,301.08,296.49,2020-06-15,1.0
2020-06-10,320.11,313.71,2020-06-11,301.08,296.49,2020-06-15,1.0
2020-06-11,301.59,295.56,2020-06-18,311.62,296.49,2020-06-15,0.0
2020-06-12,305.36,299.25,2020-06-15,296.49,296.49,2020-06-15,1.0
2020-06-15,306.89,300.75,2020-06-22,311.94,307.51,2020-06-16,0.0
2020-06-16,312.79,306.53,2020-06-23,313.21,307.95,2020-06-22,0.0
2020-06-17,311.38,305.15,2020-06-24,303.36,303.36,2020-06-24,1.0
2020-06-18,311.62,305.39,2020-06-24,303.36,302.44,2020-06-25,1.0
2020-06-19,309.72,303.53,2020-06-24,303.36,300.62,2020-06-26,1.0
2020-06-22,311.94,305.7,2020-06-24,303.36,300.11,2020-06-29,1.0
2020-06-23,313.21,306.95,2020-06-24,303.36,300.11,2020-06-29,1.0
2020-06-24,305.3,299.19,2020-07-01,311.81,300.11,2020-06-29,0.0
2020-06-25,308.5,302.33,2020-06-26,300.62,300.11,2020-06-29,1.0
2020-06-26,301.14,295.12,2020-07-06,318.26,300.11,2020-06-29,0.0
2020-06-29,305.66,299.55,2020-07-07,314.98,305.05,2020-06-30,0.0
2020-06-30,309.69,303.5,2020-07-08,317.33,310.25,2020-07-01,0.0
2020-07-01,311.81,305.57,2020-07-09,315.72,311.89,2020-07-09,0.0
2020-07-02,313.45,307.18,2020-07-10,318.9,311.89,2020-07-09,0.0
2020-07-06,318.26,311.89,2020-07-09,311.89,311.89,2020-07-09,1.0
2020-07-07,314.98,308.68,2020-07-14,320.17,311.89,2020-07-09,0.0
2020-07-08,317.33,310.98,2020-07-15,323.16,311.89,2020-07-09,0.0
2020-07-09,315.72,309.41,2020-07-16,322.04,313.24,2020-07-14,0.0
2020-07-10,318.9,312.52,2020-07-17,322.99,313.24,2020-07-14,0.0
2020-07-13,316.07,309.75,2020-07-20,325.66,313.24,2020-07-14,0.0
2020-07-14,320.17,313.77,2020-07-21,326.25,320.35,2020-07-16,0.0
2020-07-15,323.16,316.7,2020-07-22,328.17,320.35,2020-07-16,0.0
2020-07-16,322.04,315.6,2020-07-23,324.2,321.01,2020-07-17,0.0
2020-07-17,322.99,316.53,2020-07-24,322.13,320.55,2020-07-24,0.0
2020-07-20,325.66,319.15,2020-07-27,324.5,320.55,2020-07-24,0.0
2020-07-21,326.25,319.72,2020-07-28,322.5,320.55,2020-07-24,0.0
2020-07-22,328.17,321.61,2020-07-24,320.55,320.55,2020-07-24,1.0
2020-07-23,324.2,317.72,2020-07-30,325.26,320.55,2020-07-24,0.0
2020-07-24,322.13,315.69,2020-07-31,327.82,320.9,2020-07-30,0.0
2020-07-27,324.5,318.01,2020-08-03,330.11,320.9,2020-07-30,0.0
2020-07-28,322.5,316.05,2020-08-04,331.3,320.9,2020-07-30,0.0
2020-07-29,326.38,319.85,2020-08-05,333.45,320.9,2020-07-30,0.0
2020-07-30,325.26,318.75,2020-08-06,335.71,322.63,2020-07-31,0.0
2020-07-31,327.82,321.26,2020-08-07,335.95,329.06,2020-08-03,0.0
2020-08-03,330.11,323.51,2020-08-10,336.96,329.19,2020-08-04,0.0
2020-08-04,331.3,324.67,2020-08-11,334.14,332.48,2020-08-06,0.0
2020-08-05,333.45,326.78,2020-08-12,338.8,332.48,2020-08-06,0.0
2020-08-06,335.71,329.0,2020-08-13,338.22,333.38,2020-08-11,0.0
2020-08-07,335.95,329.23,2020-08-14,338.19,333.38,2020-08-11,0.0
2020-08-10,336.96,330.22,2020-08-17,339.28,333.38,2020-08-11,0.0
2020-08-11,334.14,327.46,2020-08-18,340.0,336.8,2020-08-12,0.0
2020-08-12,338.8,332.02,2020-08-19,338.62,337.05,2020-08-14,0.0
2020-08-13,338.22,331.46,2020-08-20,339.66,336.59,2020-08-20,0.0
2020-08-14,338.19,331.43,2020-08-21,340.85,336.59,2020-08-20,0.0
2020-08-17,339.28,332.49,2020-08-24,344.35,336.59,2020-08-20,0.0
2020-08-18,340.0,333.2,2020-08-25,345.49,336.59,2020-08-20,0.0
2020-08-19,338.62,331.85,2020-08-26,349.0,336.59,2020-08-20,0.0
2020-08-20,339.66,332.87,2020-08-27,349.76,338.95,2020-08-21,0.0
2020-08-21,340.85,334.03,2020-08-28,352.0,342.45,2020-08-24,0.0
2020-08-24,344.35,337.46,2020-08-31,350.77,343.71,2020-08-25,0.0
2020-08-25,345.49,338.58,2020-09-01,354.06,345.58,2020-08-26,0.0
2020-08-26,349.0,342.02,2020-09-02,359.24,347.98,2020-08-27,0.0
2020-08-27,349.76,342.76,2020-09-03,346.82,344.02,2020-09-03,0.0
2020-08-28,352.0,344.96,2020-09-03,344.02,336.26,2020-09-04,1.0
2020-08-31,350.77,343.75,2020-09-04,336.26,334.23,2020-09-08,1.0
2020-09-01,354.06,346.98,2020-09-03,344.02,334.23,2020-09-08,1.0
2020-09-02,359.24,352.06,2020-09-03,344.02,334.21,2020-09-10,1.0
2020-09-03,346.82,339.88,2020-09-04,336.26,332.35,2020-09-11,1.0
2020-09-04,343.98,337.1,2020-09-08,334.23,332.35,2020-09-11,1.0
2020-09-08,334.63,327.94,2020-09-15,341.57,332.35,2020-09-11,0.0
2020-09-09,341.18,334.36,2020-09-10,334.21,332.35,2020-09-11,1.0
2020-09-10,335.22,328.52,2020-09-17,337.29,332.35,2020-09-11,0.0
2020-09-11,335.38,328.67,2020-09-18,333.34,330.64,2020-09-18,0.0
2020-09-14,339.84,333.04,2020-09-18,330.64,324.35,2020-09-21,1.0
2020-09-15,341.57,334.74,2020-09-17,334.34,324.35,2020-09-21,1.0
2020-09-16,340.21,333.41,2020-09-18,330.64,323.22,2020-09-23,1.0
2020-09-17,337.29,330.54,2020-09-21,324.35,320.92,2020-09-24,1.0
2020-09-18,333.34,326.67,2020-09-21,324.35,320.92,2020-09-24,1.0
2020-09-21,329.63,323.04,2020-09-24,320.92,320.92,2020-09-24,1.0
2020-09-22,332.97,326.31,2020-09-23,323.22,320.92,2020-09-24,1.0
2020-09-23,323.75,317.27,2020-09-30,336.06,320.92,2020-09-24,0.0
2020-09-24,324.6,318.11,2020-10-01,338.24,322.75,2020-09-25,0.0
2020-09-25,329.88,323.28,2020-10-02,335.05,332.38,2020-10-02,0.0
2020-09-28,335.36,328.65,2020-10-05,340.9,332.38,2020-10-02,0.0
2020-09-29,333.51,326.84,2020-10-06,336.06,332.38,2020-10-02,0.0
2020-09-30,336.06,329.34,2020-10-07,341.9,332.38,2020-10-02,0.0
2020-10-01,338.24,331.48,2020-10-08,344.98,332.38,2020-10-02,0.0
2020-10-02,335.05,328.35,2020-10-09,348.01,335.56,2020-10-06,0.0
2020-10-05,340.9,334.08,2020-10-12,353.69,335.56,2020-10-06,0.0
2020-10-06,336.06,329.34,2020-10-13,351.39,339.28,2020-10-07,0.0
2020-10-07,341.9,335.06,2020-10-14,349.19,343.06,2020-10-08,0.0
2020-10-08,344.98,338.08,2020-10-15,348.76,344.31,2020-10-15,0.0
2020-10-09,348.01,341.05,2020-10-16,348.45,344.31,2020-10-15,0.0
2020-10-13,351.39,344.36,2020-10-15,344.31,342.3,2020-10-19,1.0
2020-10-14,349.19,342.21,2020-10-21,343.9,342.3,2020-10-19,0.0
2020-10-15,348.76,341.78,2020-10-22,345.86,341.88,2020-10-22,0.0
2020-10-16,348.45,341.48,2020-10-23,346.96,341.88,2020-10-22,0.0
2020-10-19,343.22,336.36,2020-10-26,340.59,336.81,2020-10-26,0.0
2020-10-20,344.57,337.68,2020-10-26,336.81,336.81,2020-10-26,1.0
2020-10-21,343.9,337.02,2020-10-26,336.81,327.3,2020-10-28,1.0
2020-10-22,345.86,338.94,2020-10-26,336.81,326.26,2020-10-29,1.0
2020-10-23,346.96,340.02,2020-10-26,336.81,323.72,2020-10-30,1.0
2020-10-26,340.59,333.78,2020-10-28,327.3,323.72,2020-10-30,1.0
2020-10-27,339.43,332.64,2020-10-28,327.3,323.72,2020-10-30,1.0
2020-10-28,327.88,321.32,2020-11-04,344.73,323.72,2020-10-30,0.0
2020-10-29,331.15,324.53,2020-10-30,323.72,323.72,2020-10-30,1.0
2020-10-30,327.62,321.07,2020-11-06,351.44,328.38,2020-11-02,0.0
2020-11-02,331.36,324.73,2020-11-09,355.83,334.35,2020-11-03,0.0
2020-11-03,337.28,330.53,2020-11-10,355.37,340.74,2020-11-04,0.0
2020-11-04,344.73,337.84,2020-11-11,357.93,348.95,2020-11-06,0.0
2020-11-05,351.47,344.44,2020-11-12,354.52,348.95,2020-11-06,0.0
2020-11-06,351.44,344.41,2020-11-13,359.34,351.87,2020-11-10,0.0
2020-11-09,355.83,348.71,2020-11-16,363.8,351.87,2020-11-10,0.0
2020-11-10,355.37,348.26,2020-11-17,361.95,352.54,2020-11-12,0.0
2020-11-12,354.52,347.43,2020-11-19,359.04,355.49,2020-11-19,0.0
2020-11-13,359.34,352.15,2020-11-20,356.63,355.49,2020-11-19,0.0
2020-11-16,363.8,356.52,2020-11-19,355.49,355.49,2020-11-19,1.0
2020-11-17,361.95,354.71,2020-11-24,364.51,355.49,2020-11-19,0.0
2020-11-18,357.59,350.44,2020-11-25,363.99,355.49,2020-11-19,0.0
2020-11-19,359.04,351.86,2020-11-27,364.98,356.17,2020-11-23,0.0
2020-11-20,356.63,349.5,2020-11-30,363.32,356.17,2020-11-23,0.0
2020-11-23,358.77,351.59,2020-12-01,367.32,360.5,2020-11-30,0.0
2020-11-24,364.51,357.22,2020-12-02,368.1,360.5,2020-11-30,0.0
2020-11-25,363.99,356.71,2020-12-03,368.03,360.5,2020-11-30,0.0
2020-11-27,364.98,357.68,2020-12-04,371.19,360.5,2020-11-30,0.0
2020-11-30,363.32,356.05,2020-12-07,370.5,365.55,2020-12-02,0.0
2020-12-01,367.32,359.97,2020-12-08,371.53,365.55,2020-12-02,0.0
2020-12-02,368.1,360.74,2020-12-09,368.28,366.88,2020-12-03,0.0
2020-12-03,368.03,360.67,2020-12-10,368.08,365.81,2020-12-10,0.0
2020-12-04,371.19,363.77,2020-12-11,367.62,364.62,2020-12-11,0.0
2020-12-07,370.5,363.09,2020-12-14,364.35,364.21,2020-12-14,0.0
2020-12-08,371.53,364.1,2020-12-15,369.31,364.21,2020-12-14,0.0
2020-12-09,368.28,360.91,2020-12-16,369.9,364.21,2020-12-14,0.0
2020-12-10,368.08,360.72,2020-12-17,371.96,364.21,2020-12-14,0.0
2020-12-11,367.62,360.27,2020-12-18,370.49,364.21,2020-12-14,0.0
2020-12-14,364.35,357.06,2020-12-21,369.27,363.38,2020-12-21,0.0
2020-12-15,369.31,361.92,2020-12-22,368.56,363.38,2020-12-21,0.0
2020-12-16,369.9,362.5,2020-12-23,368.88,363.38,2020-12-21,0.0
2020-12-17,371.96,364.52,2020-12-21,363.38,363.38,2020-12-21,1.0
2020-12-18,370.49,363.08,2020-12-28,373.53,363.38,2020-12-21,0.0
2020-12-21,369.27,361.88,2020-12-29,372.81,367.42,2020-12-22,0.0
2020-12-22,368.56,361.19,2020-12-30,373.3,368.7,2020-12-23,0.0
2020-12-23,368.88,361.5,2020-12-31,375.39,368.81,2020-12-24,0.0
2020-12-24,370.31,362.9,2021-01-04,370.22,366.16,2021-01-04,0.0
2020-12-28,373.53,366.06,2021-01-05,372.67,366.16,2021-01-04,0.0
2020-12-29,372.81,365.35,2021-01-06,374.92,366.16,2021-01-04,0.0
2020-12-30,373.3,365.83,2021-01-07,380.47,366.16,2021-01-04,0.0
2020-12-31,375.39,367.88,2021-01-04,366.16,366.16,2021-01-04,1.0
2021-01-04,370.22,362.82,2021-01-11,380.14,369.44,2021-01-05,0.0
2021-01-05,372.67,365.22,2021-01-12,380.2,370.46,2021-01-06,0.0
2021-01-06,374.92,367.42,2021-01-13,381.16,377.28,2021-01-07,0.0
2021-01-07,380.47,372.86,2021-01-14,379.84,377.77,2021-01-12,0.0
2021-01-08,382.64,374.99,2021-01-15,377.1,375.08,2021-01-15,0.0
2021-01-11,380.14,372.54,2021-01-19,380.05,375.08,2021-01-15,0.0
2021-01-12,380.2,372.6,2021-01-20,385.28,375.08,2021-01-15,0.0
2021-01-13,381.16,373.54,2021-01-21,385.62,375.08,2021-01-15,0.0
2021-01-14,379.84,372.24,2021-01-22,384.31,375.08,2021-01-15,0.0
2021-01-15,377.1,369.56,2021-01-25,385.84,378.15,2021-01-19,0.0
2021-01-19,380.05,372.45,2021-01-26,385.27,379.88,2021-01-25,0.0
2021-01-20,385.28,377.57,2021-01-27,373.43,373.43,2021-01-27,1.0
2021-01-21,385.62,377.91,2021-01-27,373.43,373.43,2021-01-27,1.0
2021-01-22,384.31,376.62,2021-01-27,373.43,369.65,2021-01-29,1.0
2021-01-25,385.84,378.12,2021-01-27,373.43,369.65,2021-01-29,1.0
2021-01-26,385.27,377.56,2021-01-27,373.43,369.65,2021-01-29,1.0
2021-01-27,375.87,368.35,2021-02-03,383.26,369.65,2021-01-29,0.0
2021-01-28,379.05,371.47,2021-01-29,369.65,369.65,2021-01-29,1.0
2021-01-29,371.52,364.09,2021-02-05,389.12,372.7,2021-02-01,0.0
2021-02-01,377.6,370.05,2021-02-08,392.05,380.97,2021-02-02,0.0
2021-02-02,382.96,375.3,2021-02-09,391.72,381.91,2021-02-03,0.0
2021-02-03,383.26,375.59,2021-02-10,391.56,384.2,2021-02-04,0.0
2021-02-04,387.6,379.85,2021-02-11,392.22,386.33,2021-02-09,0.0
2021-02-05,389.12,381.34,2021-02-12,394.18,386.33,2021-02-09,0.0
2021-02-08,392.05,384.21,2021-02-16,393.87,386.33,2021-02-09,0.0
2021-02-09,391.72,383.89,2021-02-17,393.92,388.99,2021-02-10,0.0
2021-02-10,391.56,383.73,2021-02-18,392.25,389.21,2021-02-18,0.0
2021-02-11,392.22,384.38,2021-02-19,391.51,389.21,2021-02-18,0.0
2021-02-12,394.18,386.3,2021-02-22,388.53,388.22,2021-02-22,0.0
2021-02-16,393.87,385.99,2021-02-23,381.62,381.62,2021-02-23,1.0
2021-02-17,393.92,386.04,2021-02-23,381.62,381.62,2021-02-23,1.0
2021-02-18,392.25,384.4,2021-02-23,381.62,381.62,2021-02-23,1.0
2021-02-19,391.51,383.68,2021-02-23,381.62,379.61,2021-02-26,1.0
2021-02-22,388.53,380.76,2021-02-26,379.61,379.61,2021-02-26,1.0
2021-02-23,388.94,381.16,2021-02-26,379.61,379.61,2021-02-26,1.0
2021-02-24,393.21,385.35,2021-02-25,382.19,379.61,2021-02-26,1.0
2021-02-25,383.78,376.1,2021-03-04,373.26,373.26,2021-03-04,1.0
2021-02-26,381.77,374.13,2021-03-04,373.26,373.26,2021-03-04,1.0
2021-03-01,391.03,383.21,2021-03-03,382.73,373.26,2021-03-04,1.0
2021-03-02,388.02,380.26,2021-03-04,373.26,373.26,2021-03-04,1.0
2021-03-03,382.84,375.18,2021-03-04,373.26,373.26,2021-03-04,1.0
2021-03-04,378.1,370.54,2021-03-11,394.99,374.02,2021-03-05,0.0
2021-03-05,385.07,377.37,2021-03-12,395.61,382.83,2021-03-08,0.0
2021-03-08,383.19,375.53,2021-03-15,398.01,386.79,2021-03-09,0.0
2021-03-09,388.59,380.82,2021-03-16,397.45,389.64,2021-03-10,0.0
2021-03-10,390.97,383.15,2021-03-17,398.75,392.67,2021-03-12,0.0
2021-03-11,394.99,387.09,2021-03-18,392.93,392.25,2021-03-18,0.0
2021-03-12,395.61,387.7,2021-03-19,392.2,389.92,2021-03-19,0.0
2021-03-15,398.01,390.05,2021-03-19,389.92,389.92,2021-03-19,1.0
2021-03-16,397.45,389.5,2021-03-23,392.22,389.92,2021-03-19,0.0
2021-03-17,398.75,390.78,2021-03-19,389.92,389.92,2021-03-19,1.0
2021-03-18,392.93,385.07,2021-03-25,391.12,385.34,2021-03-25,0.0
2021-03-19,392.2,384.36,2021-03-26,397.45,385.34,2021-03-25,0.0
2021-03-22,395.3,387.39,2021-03-25,385.34,385.34,2021-03-25,1.0
2021-03-23,392.22,384.38,2021-03-30,396.27,385.34,2021-03-25,0.0
2021-03-24,390.21,382.41,2021-03-31,397.82,385.34,2021-03-25,0.0
2021-03-25,391.12,383.3,2021-04-01,402.08,391.76,2021-03-26,0.0
2021-03-26,397.45,389.5,2021-04-05,407.85,394.27,2021-03-29,0.0
2021-03-29,397.25,389.3,2021-04-06,407.6,394.5,2021-03-30,0.0
2021-03-30,396.27,388.34,2021-04-07,408.11,396.79,2021-03-31,0.0
2021-03-31,397.82,389.86,2021-04-08,410.01,399.66,2021-04-01,0.0
2021-04-01,402.08,394.04,2021-04-09,412.98,404.91,2021-04-05,0.0
2021-04-05,407.85,399.69,2021-04-12,413.15,406.94,2021-04-06,0.0
2021-04-06,407.6,399.45,,,406.99,2021-04-07,
2021-04-07,408.11,399.95,,,408.47,2021-04-08,
2021-04-08,410.01,401.81,,,409.8,2021-04-09,
2021-04-09,412.98,404.72,,,411.76,2021-04-12,
,,,,,,,
